date,timestamp,window_id,window_name,time_range,total_trades,tp_hits,sl_hits,breakevens,win_rate_pct,net_pnl,strategies,avg_base_lot,shadow_rec_lot,shadow_multiplier,shadow_edge_tier,mode
2026-09-19,2026-10-03 22:18:35,WNIGHT,Night Guard,11:01 - 08:00 AM,15,0,1,14,0.0%,-5.44,5M Scalp/ICT Institutional/SMC Swing,0.07,0.07,1.00x,NIGHT_GUARD,SHADOW_OCTOBER
2026-09-21,2026-10-03 22:18:35,W1,Morning Open,08:00 - 11:00 AM,20,5,14,1,25.0%,-12.06,Order Flow (Delta & Absorption)/SMC Scalp (5m)/SMC Swing/SMC Swing (15m),0.01,0.01,0.75x,NEUTRAL,SHADOW_OCTOBER
2026-09-18,2026-10-03 22:18:35,W5,NY PM & Close,08:01 - 11:00 PM,3,0,2,1,0.0%,-8.27,5M Scalp/SMC Swing,0.02,0.02,0.85x,NEUTRAL,SHADOW_OCTOBER
2026-09-21,2026-10-03 22:18:35,WNIGHT,Night Guard,11:01 - 08:00 AM,41,9,26,6,22.0%,-21.45,Order Flow (Delta & Absorption)/SMC Scalp (5m)/SMC Swing (15m),0.01,0.01,1.00x,NIGHT_GUARD,SHADOW_OCTOBER
2026-09-21,2026-10-03 22:18:35,W2,London Transition,11:01 - 02:00 PM,10,0,4,6,0.0%,-22.51,SMC Scalp (5m)/SMC Swing (15m),0.02,0.02,1.00x,FAVORABLE,SHADOW_OCTOBER
2026-09-21,2026-10-03 22:18:35,W4,US/London Overlap,05:01 - 08:00 PM,19,7,12,0,36.8%,-6.77,SMC Scalp (5m)/SMC Swing (15m),0.01,0.01,1.25x,PRIME_EDGE,SHADOW_OCTOBER
2026-09-21,2026-10-03 22:18:35,W5,NY PM & Close,08:01 - 11:00 PM,6,1,5,0,16.7%,-20.83,SMC Scalp (5m)/SMC Swing (15m),0.01,0.01,0.85x,NEUTRAL,SHADOW_OCTOBER
2026-09-22,2026-10-03 22:18:35,WNIGHT,Night Guard,11:01 - 08:00 AM,1,0,1,0,0.0%,-5.67,Order Flow (Delta & Absorption),0.01,0.01,1.00x,NIGHT_GUARD,SHADOW_OCTOBER
2026-09-22,2026-10-03 22:18:35,W1,Morning Open,08:00 - 11:00 AM,6,0,0,6,0.0%,+0.00,Order Flow (Delta & Absorption)/SMC Scalp (5m)/SMC Swing (15m),0.06,0.04,0.75x,NEUTRAL,SHADOW_OCTOBER
2026-09-22,2026-10-03 22:18:35,W4,US/London Overlap,05:01 - 08:00 PM,3,0,0,3,0.0%,+0.00,Order Flow (Delta & Absorption)/SMC Scalp (5m)/SMC Swing (15m),0.01,0.01,1.25x,PRIME_EDGE,SHADOW_OCTOBER
2026-09-25,2026-10-03 22:18:35,W3,London Core,02:01 - 05:00 PM,1,0,0,1,0.0%,+0.00,SMC Swing (15m),0.02,0.02,1.10x,FAVORABLE,SHADOW_OCTOBER
2026-09-29,2026-10-03 22:18:35,W2,London Transition,11:01 - 02:00 PM,1,0,0,1,0.0%,+0.00,SMC Swing (15m),0.05,0.05,1.00x,FAVORABLE,SHADOW_OCTOBER
2026-09-30,2026-10-03 22:18:35,W5,NY PM & Close,08:01 - 11:00 PM,17,5,12,0,29.4%,+1.28,SMC Scalp (5m)/SMC Swing (15m),0.07,0.06,0.85x,NEUTRAL,SHADOW_OCTOBER
2026-09-30,2026-10-03 22:18:35,W4,US/London Overlap,05:01 - 08:00 PM,12,0,12,0,0.0%,-56.73,Order Flow (Delta & Absorption)/SMC Scalp (5m)/SMC Swing (15m),0.09,0.11,1.25x,PRIME_EDGE,SHADOW_OCTOBER
2026-10-01,2026-10-03 22:18:35,WNIGHT,Night Guard,11:01 - 08:00 AM,11,0,11,0,0.0%,-24.86,Order Flow (Delta & Absorption)/SMC Scalp (5m)/SMC Swing (15m),0.06,0.06,1.00x,NIGHT_GUARD,SHADOW_OCTOBER
2026-10-01,2026-10-03 22:18:35,W1,Morning Open,08:00 - 11:00 AM,5,0,5,0,0.0%,-25.87,Order Flow (Delta & Absorption)/SMC Scalp (5m)/SMC Swing (15m),0.06,0.04,0.75x,NEUTRAL,SHADOW_OCTOBER
2026-10-01,2026-10-03 22:18:35,W2,London Transition,11:01 - 02:00 PM,20,7,13,0,35.0%,+29.16,Order Flow (Delta & Absorption)/SMC Scalp (5m)/SMC Swing (15m),0.05,0.05,1.00x,FAVORABLE,SHADOW_OCTOBER
2026-10-01,2026-10-03 22:18:35,W3,London Core,02:01 - 05:00 PM,10,1,9,0,10.0%,-42.68,SMC Scalp (5m)/SMC Swing (15m),0.07,0.08,1.10x,FAVORABLE,SHADOW_OCTOBER
2026-10-01,2026-10-03 22:18:35,W4,US/London Overlap,05:01 - 08:00 PM,23,7,16,0,30.4%,+21.64,Order Flow (Delta & Absorption)/SMC Scalp (5m)/SMC Swing (15m),0.06,0.07,1.25x,PRIME_EDGE,SHADOW_OCTOBER
2026-10-01,2026-10-03 22:18:35,W5,NY PM & Close,08:01 - 11:00 PM,27,9,18,0,33.3%,-18.52,Order Flow (Delta & Absorption)/SMC Scalp (5m)/SMC Swing (15m),0.04,0.03,0.85x,NEUTRAL,SHADOW_OCTOBER
2026-10-02,2026-10-03 22:18:35,W1,Morning Open,08:00 - 11:00 AM,5,0,5,0,0.0%,-24.51,Order Flow (Delta & Absorption)/SMC Scalp (5m)/SMC Swing (15m),0.09,0.07,0.75x,NEUTRAL,SHADOW_OCTOBER
2026-10-02,2026-10-03 22:18:35,W4,US/London Overlap,05:01 - 08:00 PM,16,4,12,0,25.0%,-6.35,Order Flow (Delta & Absorption)/SMC Scalp (5m)/SMC Swing (15m),0.04,0.05,1.25x,PRIME_EDGE,SHADOW_OCTOBER
2026-10-02,2026-10-03 22:18:35,W5,NY PM & Close,08:01 - 11:00 PM,25,10,13,2,40.0%,+49.93,Order Flow (Delta & Absorption)/SMC Scalp (5m)/SMC Swing (15m),0.06,0.05,0.85x,NEUTRAL,SHADOW_OCTOBER
2026-10-05,2026-10-05 17:01:05,W1,Morning Open,08:00 - 11:00 AM,1,0,1,0,0.0%,+1.30,SMC Swing (15m),0.13,0.10,0.75x,NEUTRAL,SHADOW_OCTOBER
2026-10-05,2026-10-05 17:01:05,W3,London Core,02:01 - 05:00 PM,11,0,10,1,0.0%,-15.72,Trend Reversal Strategy,0.08,0.09,1.10x,FAVORABLE,SHADOW_OCTOBER
2026-10-05,2026-10-05 17:01:05,W4,US/London Overlap,05:01 - 08:00 PM,1,0,0,1,0.0%,+0.00,Trend Reversal Strategy,0.01,0.01,1.25x,PRIME_EDGE,SHADOW_OCTOBER
2026-10-06,2026-10-07 11:01:10,W5,NY PM & Close,08:01 - 11:00 PM,1,0,0,1,0.0%,+0.00,SMC Swing (15m),0.01,0.01,0.85x,NEUTRAL,SHADOW_OCTOBER
2026-10-07,2026-10-07 11:01:10,WNIGHT,Night Guard,11:01 - 08:00 AM,1,0,1,0,0.0%,+2.00,SMC Swing (15m),0.20,0.20,1.00x,NIGHT_GUARD,SHADOW_OCTOBER
2026-10-07,2026-10-07 11:01:10,W2,London Transition,11:01 - 02:00 PM,1,0,0,0,0.0%,+8.40,SMC Scalp (5m),0.20,0.20,1.00x,FAVORABLE,SHADOW_OCTOBER
2026-10-07,2026-10-07 11:01:10,W1,Morning Open,08:00 - 11:00 AM,2,0,0,0,0.0%,+2.36,Order Flow (Delta & Absorption)/SMC Swing (15m),0.11,0.08,0.75x,NEUTRAL,SHADOW_OCTOBER
2026-10-07,2026-10-07 17:01:03,W3,London Core,02:01 - 05:00 PM,11,5,3,3,45.5%,+20.40,Order Flow (Delta & Absorption)/SMC Scalp (5m),0.10,0.11,1.10x,FAVORABLE,SHADOW_OCTOBER
2026-10-07,2026-10-07 17:01:03,W4,US/London Overlap,05:01 - 08:00 PM,2,0,2,0,0.0%,-1.20,SMC Scalp (5m),0.12,0.15,1.25x,PRIME_EDGE,SHADOW_OCTOBER
2026-10-07,2026-10-09 08:00:45,W5,NY PM & Close,08:01 - 11:00 PM,13,1,11,1,7.7%,-19.92,Order Flow (Delta & Absorption)/SMC Scalp (5m)/SMC Swing (15m),0.09,0.08,0.85x,NEUTRAL,SHADOW_OCTOBER
2026-10-08,2026-10-09 08:00:45,WNIGHT,Night Guard,11:01 - 08:00 AM,1,0,1,0,0.0%,+1.35,SMC Scalp (5m),0.06,0.06,1.00x,NIGHT_GUARD,SHADOW_OCTOBER
2026-10-08,2026-10-09 08:00:45,W1,Morning Open,08:00 - 11:00 AM,7,2,5,0,28.6%,-0.27,Order Flow (Delta & Absorption)/SMC Scalp (5m)/SMC Swing (15m),0.08,0.06,0.75x,NEUTRAL,SHADOW_OCTOBER
2026-10-08,2026-10-09 08:00:45,W3,London Core,02:01 - 05:00 PM,12,5,7,0,41.7%,+25.80,Order Flow (Delta & Absorption)/SMC Scalp (5m)/SMC Swing (15m),0.11,0.12,1.10x,FAVORABLE,SHADOW_OCTOBER
2026-10-09,2026-10-09 17:08:53,WNIGHT,Night Guard,11:01 - 08:00 AM,1,0,1,0,0.0%,-2.04,SMC,0.12,0.12,1.00x,NIGHT_GUARD,SHADOW_OCTOBER
